Deciles,prob,prob,,actual,actual,actual
9,0.97222115,0.677375613,,19,2,21
8,0.674228397,0.49166715,,12,9,21
7,0.481540612,0.320770605,,5,16,21
6,0.312850612,0.254995977,,5,16,21
5,0.241180724,0.168004955,,4,17,21
4,0.166776198,0.117242632,,1,20,21
3,0.116729223,0.066399267,,2,19,21
2,0.065938134,0.040592375,,1,20,21
1,0.037296963,0.017484683,,0,21,21
0,0.016228718,0.000842424,,0,21,21
